Key,DateTimeStamp,CaregiverID,StudyPhase,SessionType,SessionCount,TotalSessionTrials,SessionBlockCount,ConfMonitoring1,ConfMonitoring2,ConfMonitoring3,ConfMonitoring4,ConfMonitoring5,ConfMonitoring6a_1,ConfMonitoring6a_2,ConfMonitoring6a_3
1,2024-08-06T10:11:30-04:00,Case1,0_BL,0_AC,1,1,0.5,1,1,0,0,1,0,1,0
2,2024-08-06T10:16:49-04:00,Case1,0_BL,1_SC,1,1,0.5,1,1,0,0,1,0,0,1
3,2024-08-06T10:18:11-04:00,Case1,0_BL,1_SC,1,2,1,1,1,0,0,1,0,1,1
4,2024-08-06T10:19:27-04:00,Case1,0_BL,1_SC,1,3,1.5,1,1,0,0,1,0,1,1
5,2024-08-06T10:21:08-04:00,Case1,0_BL,1_SC,1,4,2,1,1,0,1,1,0,1,1
6,2024-08-06T10:22:56-04:00,Case1,0_BL,1_SC,1,5,2.5,1,1,0,0,1,0,0,1
7,2024-08-06T10:25:16-04:00,Case1,0_BL,1_SC,1,6,3,1,1,0,1,1,0,1,1
8,2024-08-06T10:35:59-04:00,Case1,0_BL,0_AC,1,1,0.5,1,1,0,0,0,0,1,1
9,2024-08-06T10:39:34-04:00,Case1,0_BL,1_SC,1,1,0.5,1,1,0,0,1,0,1,1
10,2024-08-06T10:41:41-04:00,Case1,0_BL,1_SC,1,2,1,1,1,0,0,1,0,0,1
11,2024-08-06T10:43:28-04:00,Case1,0_BL,1_SC,1,3,1.5,1,1,0,0,1,0,0,1
12,2024-08-06T10:44:50-04:00,Case1,0_BL,1_SC,1,4,2,1,1,0,0,1,0,1,1
13,2024-08-06T10:46:34-04:00,Case1,0_BL,1_SC,1,5,2.5,1,1,0,0,0,0,1,1
14,2024-08-06T10:48:31-04:00,Case1,0_BL,1_SC,1,6,3,1,1,0,0,1,0,0,1
15,2024-08-06T10:53:19-04:00,Case1,0_BL,0_AC,1,1,0.5,1,1,0,0,1,0,1,1
16,2024-08-06T12:10:55-04:00,Case1,0_BL,0_AC,1,1,0.5,0,0,0,0,0,0,0,0
17,2024-08-06T12:16:47-04:00,Case1,0_BL,1_SC,1,1,0.5,0,0,0,0,0,0,0,0
18,2024-08-06T12:18:58-04:00,Case1,0_BL,1_SC,1,2,1,0,0,0,0,0,0,0,0
19,2024-08-06T12:20:36-04:00,Case1,0_BL,1_SC,1,3,1.5,0,0,0,0,0,0,0,0
20,2024-08-06T12:22:07-04:00,Case1,0_BL,1_SC,1,4,2,0,0,0,0,0,0,0,0
21,2024-08-06T12:23:44-04:00,Case1,0_BL,1_SC,1,5,2.5,0,0,0,0,0,0,0,0
22,2024-08-06T12:25:17-04:00,Case1,0_BL,1_SC,1,6,3,0,0,0,0,0,0,0,0
23,2024-08-06T12:26:54-04:00,Case1,0_BL,1_SC,1,7,3.5,0,0,0,0,0,0,0,0
24,2024-08-06T12:28:26-04:00,Case1,0_BL,1_SC,1,8,4,0,0,0,0,0,0,0,0
25,2024-08-06T12:29:43-04:00,Case1,0_BL,1_SC,1,9,4.5,0,0,0,0,0,0,0,0
26,2024-08-06T12:31:29-04:00,Case1,0_BL,1_SC,1,10,5,0,0,0,0,0,0,0,0
27,2024-08-06T12:33:30-04:00,Case1,0_BL,1_SC,1,11,5.5,0,0,0,0,0,0,0,0
28,2024-08-06T12:34:59-04:00,Case1,0_BL,1_SC,1,12,6,0,0,0,0,0,0,0,0
29,2024-08-06T12:42:01-04:00,Case1,0_BL,0_AC,1,1,0.5,0,0,0,0,0,0,0,0
30,2024-08-06T12:44:35-04:00,Case1,0_BL,1_SC,1,1,0.5,0,0,0,0,0,0,0,0
31,2024-08-06T12:46:18-04:00,Case1,0_BL,1_SC,1,2,1,0,0,0,0,0,0,0,0
32,2024-08-06T12:47:31-04:00,Case1,0_BL,1_SC,1,3,1.5,0,0,0,0,0,0,0,0
33,2024-08-06T12:51:02-04:00,Case1,0_BL,1_SC,1,4,2,0,0,0,0,0,0,0,0
34,2024-08-06T12:52:49-04:00,Case1,0_BL,0_AC,1,1,0.5,0,0,0,0,0,0,0,0
35,2024-08-06T12:55:27-04:00,Case1,0_BL,1_SC,1,1,0.5,0,0,0,0,0,0,0,0
36,2024-08-06T12:56:51-04:00,Case1,0_BL,1_SC,1,2,1,0,0,0,0,0,0,0,0
37,2024-08-06T13:00:31-04:00,Case1,0_BL,0_AC,1,1,0.5,0,0,0,0,0,0,0,0
38,2024-08-06T14:09:05-04:00,Case1,0_BL,0_AC,1,1,0.5,0,0,0,0,0,0,0,0
39,2024-08-06T14:13:50-04:00,Case1,0_BL,1_SC,1,1,0.5,0,0,0,0,0,0,0,0
40,2024-08-06T14:15:16-04:00,Case1,0_BL,1_SC,1,2,1,0,0,0,0,0,0,0,0
41,2024-08-06T14:16:28-04:00,Case1,0_BL,1_SC,1,3,1.5,0,0,0,0,0,0,0,0
42,2024-08-06T14:17:42-04:00,Case1,0_BL,1_SC,1,4,2,0,0,0,0,0,0,0,0
43,2024-08-06T14:18:58-04:00,Case1,0_BL,1_SC,1,5,2.5,0,0,0,0,0,0,0,0
44,2024-08-06T14:20:16-04:00,Case1,0_BL,1_SC,1,6,3,0,0,0,0,0,0,0,0
45,2024-08-06T14:21:23-04:00,Case1,0_BL,1_SC,1,7,3.5,0,0,0,0,0,0,0,0
46,2024-08-06T14:22:38-04:00,Case1,0_BL,1_SC,1,8,4,0,0,0,0,0,0,0,0
47,2024-08-06T14:23:49-04:00,Case1,0_BL,1_SC,1,9,4.5,0,0,0,0,0,0,0,0
48,2024-08-06T14:25:09-04:00,Case1,0_BL,1_SC,1,10,5,0,0,0,0,0,0,0,0
49,2024-08-06T14:26:14-04:00,Case1,0_BL,1_SC,1,11,5.5,0,0,0,0,0,0,0,0
50,2024-08-06T14:27:32-04:00,Case1,0_BL,1_SC,1,12,6,0,0,0,0,0,0,0,0
51,2024-08-06T14:28:58-04:00,Case1,0_BL,1_SC,1,13,6.5,0,0,0,0,0,0,0,0
52,2024-08-06T14:30:17-04:00,Case1,0_BL,1_SC,1,14,7,0,0,0,0,0,0,0,0
53,2024-08-06T14:31:31-04:00,Case1,0_BL,1_SC,1,15,7.5,0,0,0,0,0,0,0,0
54,2024-08-06T14:32:31-04:00,Case1,0_BL,1_SC,1,16,8,0,0,0,0,0,0,0,0
55,2024-08-06T14:36:59-04:00,Case1,0_BL,0_AC,1,1,0.5,0,0,0,0,0,0,0,0
56,2024-08-06T14:39:49-04:00,Case1,0_BL,1_SC,1,1,0.5,0,0,0,0,0,0,0,0
57,2024-08-06T14:41:21-04:00,Case1,0_BL,1_SC,1,2,1,0,0,0,0,0,0,0,0
58,2024-08-06T14:42:38-04:00,Case1,0_BL,1_SC,1,3,1.5,0,0,0,0,0,0,0,0
59,2024-08-06T14:44:00-04:00,Case1,0_BL,1_SC,1,4,2,0,0,0,0,0,0,0,0
60,2024-08-06T14:45:11-04:00,Case1,0_BL,1_SC,1,5,2.5,0,0,0,0,0,0,0,0
61,2024-08-06T14:46:18-04:00,Case1,0_BL,1_SC,1,6,3,0,0,0,0,0,0,0,0
62,2024-08-06T14:50:08-04:00,Case1,0_BL,0_AC,1,1,0.5,0,0,0,0,0,0,0,0
63,2024-08-06T14:52:05-04:00,Case1,0_BL,1_SC,1,1,0.5,0,0,0,0,0,0,0,0
64,2024-08-06T14:53:27-04:00,Case1,0_BL,1_SC,1,2,1,0,0,0,0,0,0,0,0
65,2024-08-06T14:54:29-04:00,Case1,0_BL,1_SC,1,3,1.5,0,0,0,0,0,0,0,0
66,2024-08-06T14:55:58-04:00,Case1,0_BL,1_SC,1,4,2,0,0,0,0,0,0,0,0
67,2024-08-06T14:58:13-04:00,Case1,0_BL,0_AC,1,1,0.5,0,0,0,0,0,0,0,0
68,2024-08-07T09:36:05-04:00,Case1,1_T1,1_SC,2,1,0.5,0,0,0,0,0,0,0,0
69,2024-08-07T09:37:24-04:00,Case1,1_T1,1_SC,2,2,1,0,0,0,0,0,0,0,0
70,2024-08-07T09:38:48-04:00,Case1,1_T1,1_SC,2,3,1.5,0,0,0,0,0,0,0,0
71,2024-08-07T09:40:13-04:00,Case1,1_T1,1_SC,2,4,2,0,0,0,0,0,0,0,0
72,2024-08-07T09:41:15-04:00,Case1,1_T1,1_SC,2,5,2.5,0,0,0,0,0,0,0,0
73,2024-08-07T09:42:45-04:00,Case1,1_T1,1_SC,2,6,3,0,0,0,0,0,0,0,0
74,2024-08-07T09:43:56-04:00,Case1,1_T1,1_SC,2,7,3.5,0,0,0,0,0,0,0,0
75,2024-08-07T09:45:12-04:00,Case1,1_T1,1_SC,2,8,4,0,0,0,0,0,0,0,0
76,2024-08-07T09:46:20-04:00,Case1,1_T1,1_SC,2,9,4.5,0,0,0,0,0,0,0,0
77,2024-08-07T09:47:37-04:00,Case1,1_T1,1_SC,2,10,5,0,0,0,0,0,0,0,0
78,2024-08-07T09:48:46-04:00,Case1,1_T1,1_SC,2,11,5.5,0,0,0,0,0,0,0,0
79,2024-08-07T09:49:52-04:00,Case1,1_T1,1_SC,2,12,6,0,0,0,0,0,0,0,0
80,2024-08-07T09:51:45-04:00,Case1,1_T1,1_SC,2,13,6.5,0,0,0,0,0,0,0,0
81,2024-08-07T09:52:50-04:00,Case1,1_T1,1_SC,2,14,7,0,0,0,0,0,0,0,0
82,2024-08-07T09:54:16-04:00,Case1,1_T1,1_SC,2,15,7.5,0,0,0,0,0,0,0,0
83,2024-08-07T09:55:18-04:00,Case1,1_T1,1_SC,2,16,8,0,0,0,0,0,0,0,0
84,2024-08-07T09:56:24-04:00,Case1,1_T1,1_SC,2,17,8.5,0,0,0,0,0,0,0,0
85,2024-08-07T09:57:25-04:00,Case1,1_T1,1_SC,2,18,9,0,0,0,0,0,0,0,0
86,2024-08-07T09:59:28-04:00,Case1,1_T1,1_SC,2,19,9.5,0,0,0,0,0,0,0,0
87,2024-08-07T10:00:33-04:00,Case1,1_T1,1_SC,2,20,10,0,0,0,0,0,0,0,0
88,2024-08-07T10:02:06-04:00,Case1,1_T1,1_SC,2,21,10.5,0,0,0,0,0,0,0,0
89,2024-08-07T10:03:04-04:00,Case1,1_T1,1_SC,2,22,11,0,0,0,0,0,0,0,0
90,2024-08-07T10:04:05-04:00,Case1,1_T1,1_SC,2,23,11.5,0,0,0,0,0,0,0,0
91,2024-08-07T10:05:00-04:00,Case1,1_T1,1_SC,2,24,12,0,0,0,0,0,0,0,0
92,2024-08-07T10:05:53-04:00,Case1,1_T1,1_SC,2,25,12.5,0,0,0,0,0,0,0,0
93,2024-08-07T10:06:50-04:00,Case1,1_T1,1_SC,2,26,13,0,0,0,0,0,0,0,0
94,2024-08-07T11:33:36-04:00,Case1,1_T1,1_SC,2,1,0.5,0,0,0,0,0,0,0,0
95,2024-08-07T11:35:36-04:00,Case1,1_T1,1_SC,2,2,1,0,0,0,0,0,0,0,0
96,2024-08-07T11:37:03-04:00,Case1,1_T1,1_SC,2,3,1.5,0,0,0,0,0,0,0,0
97,2024-08-07T11:38:11-04:00,Case1,1_T1,1_SC,2,4,2,0,0,0,0,0,0,0,0
98,2024-08-07T11:39:26-04:00,Case1,1_T1,1_SC,2,5,2.5,0,0,0,0,0,0,0,0
99,2024-08-07T11:40:29-04:00,Case1,1_T1,1_SC,2,6,3,0,0,0,0,0,0,0,0
100,2024-08-07T11:46:36-04:00,Case1,1_T1,0_AC,2,1,0.5,0,0,0,0,0,0,0,0
101,2024-08-07T11:48:02-04:00,Case1,1_T1,0_AC,2,2,1,0,0,0,0,0,0,0,0
102,2024-08-07T11:49:23-04:00,Case1,1_T1,0_AC,2,3,1.5,0,0,0,0,0,0,0,0
103,2024-08-07T12:44:53-04:00,Case1,1_T1,1_SC,2,1,0.5,1,1,1,1,1,1,1,1
104,2024-08-07T12:46:10-04:00,Case1,1_T1,1_SC,2,2,1,1,1,0,0,1,1,1,1
105,2024-08-07T12:47:24-04:00,Case1,1_T1,1_SC,2,3,1.5,1,1,0,0,1,0,0,1
106,2024-08-07T12:48:31-04:00,Case1,1_T1,1_SC,2,4,2,1,1,0,0,1,1,1,0
107,2024-08-07T12:51:20-04:00,Case1,1_T1,1_SC,2,5,2.5,1,1,0,0,1,0,0,1
108,2024-08-07T12:52:28-04:00,Case1,1_T1,1_SC,2,6,3,1,1,0,0,1,1,1,1
109,2024-08-07T12:54:01-04:00,Case1,1_T1,1_SC,2,7,3.5,1,1,0,1,1,1,1,0
110,2024-08-07T12:55:15-04:00,Case1,1_T1,1_SC,2,8,4,1,1,0,0,1,0,0,0
111,2024-08-07T12:57:29-04:00,Case1,1_T1,1_SC,2,9,4.5,1,1,0,0,0,0,1,1
112,2024-08-07T12:58:43-04:00,Case1,1_T1,1_SC,2,10,5,1,1,0,0,1,1,1,1
113,2024-08-07T12:59:54-04:00,Case1,1_T1,1_SC,2,11,5.5,1,1,0,0,1,1,1,1
114,2024-08-07T13:00:59-04:00,Case1,1_T1,1_SC,2,12,6,1,1,0,1,1,0,0,1
115,2024-08-07T13:02:27-04:00,Case1,1_T1,1_SC,2,13,6.5,1,1,0,1,0,1,1,1
116,2024-08-07T13:03:35-04:00,Case1,1_T1,1_SC,2,14,7,1,1,0,0,1,1,1,1
117,2024-08-07T13:04:53-04:00,Case1,1_T1,1_SC,2,15,7.5,1,1,0,0,1,1,1,1
118,2024-08-07T13:05:54-04:00,Case1,1_T1,1_SC,2,16,8,1,1,0,0,1,1,1,1
119,2024-08-07T13:07:01-04:00,Case1,1_T1,1_SC,2,17,8.5,1,1,0,0,1,1,1,1
120,2024-08-07T13:08:06-04:00,Case1,1_T1,1_SC,2,18,9,1,1,0,0,1,1,1,1
121,2024-08-07T13:13:04-04:00,Case1,1_T1,0_AC,2,1,0.5,1,1,0,0,0,1,1,1
122,2024-08-07T13:14:35-04:00,Case1,1_T1,0_AC,2,2,1,1,1,0,0,1,1,1,1
123,2024-08-07T13:16:39-04:00,Case1,1_T1,0_AC,2,3,1.5,1,1,0,0,1,1,1,1
124,2024-08-08T10:07:20-04:00,Case1,2_T2,1_SC,3,1,0.5,1,1,0,0,1,1,1,1
125,2024-08-08T10:08:21-04:00,Case1,2_T2,1_SC,3,2,1,1,1,0,0,1,1,1,1
126,2024-08-08T10:09:34-04:00,Case1,2_T2,1_SC,3,3,1.5,1,1,0,0,1,0,1,1
127,2024-08-08T10:10:45-04:00,Case1,2_T2,1_SC,3,4,2,1,1,0,0,1,1,1,1
128,2024-08-08T10:12:23-04:00,Case1,2_T2,1_SC,3,5,2.5,1,1,0,0,1,1,1,1
129,2024-08-08T10:13:41-04:00,Case1,2_T2,1_SC,3,6,3,1,1,0,1,1,1,1,1
130,2024-08-08T10:14:44-04:00,Case1,2_T2,1_SC,3,7,3.5,1,1,0,0,1,1,1,1
131,2024-08-08T10:15:45-04:00,Case1,2_T2,1_SC,3,8,4,1,1,0,1,0,1,1,1
132,2024-08-08T10:16:57-04:00,Case1,2_T2,1_SC,3,9,4.5,1,1,0,0,1,1,1,1
133,2024-08-08T10:18:01-04:00,Case1,2_T2,1_SC,3,10,5,1,1,0,0,1,1,1,1
134,2024-08-08T10:19:06-04:00,Case1,2_T2,1_SC,3,11,5.5,1,1,0,1,1,1,1,1
135,2024-08-08T10:20:30-04:00,Case1,2_T2,1_SC,3,12,6,1,1,0,0,1,1,1,1
136,2024-08-08T10:21:57-04:00,Case1,2_T2,1_SC,3,13,6.5,1,1,0,0,1,1,1,1
137,2024-08-08T10:23:27-04:00,Case1,2_T2,1_SC,3,14,7,1,1,0,0,1,1,1,1
138,2024-08-08T10:25:04-04:00,Case1,2_T2,1_SC,3,15,7.5,1,1,1,1,1,0,1,1
139,2024-08-08T10:25:56-04:00,Case1,2_T2,1_SC,3,16,8,1,1,1,1,1,1,1,1
140,2024-08-08T10:27:09-04:00,Case1,2_T2,1_SC,3,17,8.5,1,1,1,0,1,1,1,1
141,2024-08-08T10:28:23-04:00,Case1,2_T2,1_SC,3,18,9,1,1,0,0,1,1,1,1
142,2024-08-08T10:34:09-04:00,Case1,2_T2,1_SC,3,19,9.5,1,1,1,1,1,1,1,1
143,2024-08-08T10:35:01-04:00,Case1,2_T2,1_SC,3,20,10,1,1,1,1,1,1,1,1
144,2024-08-08T10:36:02-04:00,Case1,2_T2,1_SC,3,21,10.5,1,1,1,1,1,0,1,1
145,2024-08-08T10:36:47-04:00,Case1,2_T2,1_SC,3,22,11,1,1,1,1,1,1,1,1
146,2024-08-08T10:37:54-04:00,Case1,2_T2,1_SC,3,23,11.5,1,1,1,0,1,1,1,1
147,2024-08-08T10:38:53-04:00,Case1,2_T2,1_SC,3,24,12,1,1,1,1,1,1,1,1
148,2024-08-08T10:41:01-04:00,Case1,2_T2,1_SC,3,25,12.5,1,1,1,1,1,1,1,1
149,2024-08-08T10:42:11-04:00,Case1,2_T2,1_SC,3,26,13,1,1,1,1,1,1,1,1
150,2024-08-08T10:43:38-04:00,Case1,2_T2,1_SC,3,27,13.5,1,1,1,1,1,1,1,1
151,2024-08-08T10:44:27-04:00,Case1,2_T2,1_SC,3,28,14,1,1,1,1,1,1,1,1
152,2024-08-08T10:45:21-04:00,Case1,2_T2,1_SC,3,29,14.5,1,1,1,1,1,1,1,1
153,2024-08-08T10:46:30-04:00,Case1,2_T2,1_SC,3,30,15,1,1,0,0,1,1,1,1
154,2024-08-09T09:07:39-04:00,Case1,2_T2,1_SC,3,1,0.5,0,0,0,0,0,0,0,0
155,2024-08-09T09:08:34-04:00,Case1,2_T2,1_SC,3,2,1,0,0,0,0,0,0,0,0
156,2024-08-09T09:09:34-04:00,Case1,2_T2,1_SC,3,3,1.5,0,0,0,0,0,0,0,0
157,2024-08-09T09:10:34-04:00,Case1,2_T2,1_SC,3,4,2,0,0,0,0,0,0,0,0
158,2024-08-09T09:11:27-04:00,Case1,2_T2,1_SC,3,5,2.5,0,0,0,0,0,0,0,0
159,2024-08-09T09:12:20-04:00,Case1,2_T2,1_SC,3,6,3,0,0,0,0,0,0,0,0
160,2024-08-09T09:13:20-04:00,Case1,2_T2,1_SC,3,7,3.5,0,0,0,0,0,0,0,0
161,2024-08-09T09:14:13-04:00,Case1,2_T2,1_SC,3,8,4,0,0,0,0,0,0,0,0
162,2024-08-09T09:15:07-04:00,Case1,2_T2,1_SC,3,9,4.5,0,0,0,0,0,0,0,0
163,2024-08-09T09:16:43-04:00,Case1,2_T2,1_SC,3,10,5,0,0,0,0,0,0,0,0
164,2024-08-09T09:17:44-04:00,Case1,2_T2,1_SC,3,11,5.5,0,0,0,0,0,0,0,0
165,2024-08-09T09:17:44-04:00,Case1,2_T2,1_SC,3,11,5.5,0,0,0,0,0,0,0,0
166,2024-08-09T09:23:59-04:00,Case1,2_T2,0_AC,3,1,0.5,0,0,0,0,0,0,0,0
167,2024-08-09T09:25:35-04:00,Case1,2_T2,0_AC,3,2,1,0,0,0,0,0,0,0,0
168,2024-08-09T09:27:03-04:00,Case1,2_T2,0_AC,3,3,1.5,0,0,0,0,0,0,0,0
169,2024-08-09T10:35:17-04:00,Case1,2_T2,1_SC,4,1,0.5,1,1,1,1,1,1,1,1
170,2024-08-09T10:36:11-04:00,Case1,2_T2,1_SC,4,2,1,1,1,1,1,1,1,1,1
171,2024-08-09T10:37:01-04:00,Case1,2_T2,1_SC,4,3,1.5,1,1,1,1,1,1,1,1
172,2024-08-09T10:38:05-04:00,Case1,2_T2,1_SC,4,4,2,1,0,1,1,1,1,1,1
173,2024-08-09T10:38:57-04:00,Case1,2_T2,1_SC,4,5,2.5,1,1,1,1,1,1,1,1
174,2024-08-09T10:39:44-04:00,Case1,2_T2,1_SC,4,6,3,1,1,1,1,1,1,1,1
175,2024-08-12T08:43:16-04:00,Case1,0_BL,0_AC,1,1,0.5,0,0,0,0,0,0,0,0
176,2024-08-12T08:52:24-04:00,Case1,0_BL,1_SC,1,1,0.5,0,0,0,0,0,0,0,0
177,2024-08-12T08:53:59-04:00,Case1,0_BL,1_SC,1,2,1,0,0,0,0,0,0,0,0
178,2024-08-12T08:55:02-04:00,Case1,0_BL,1_SC,1,3,1.5,0,0,0,0,0,0,0,0
179,2024-08-12T08:56:00-04:00,Case1,0_BL,1_SC,1,4,2,0,0,0,0,0,0,0,0
180,2024-08-12T08:57:10-04:00,Case1,0_BL,1_SC,1,5,2.5,0,0,0,0,0,0,0,0
181,2024-08-12T08:58:07-04:00,Case1,0_BL,1_SC,1,6,3,0,0,0,0,0,0,0,0
182,2024-08-12T08:59:17-04:00,Case1,0_BL,1_SC,1,7,3.5,0,0,0,0,0,0,0,0
183,2024-08-12T09:00:17-04:00,Case1,0_BL,1_SC,1,8,4,0,0,0,0,0,0,0,0
184,2024-08-12T09:01:25-04:00,Case1,0_BL,1_SC,1,9,4.5,0,0,0,0,0,0,0,0
185,2024-08-12T09:02:34-04:00,Case1,0_BL,1_SC,1,10,5,0,0,0,0,0,0,0,0
186,2024-08-12T09:03:43-04:00,Case1,0_BL,1_SC,1,11,5.5,0,0,0,0,0,0,0,0
187,2024-08-12T09:04:41-04:00,Case1,0_BL,1_SC,1,12,6,0,0,0,0,0,0,0,0
188,2024-08-12T09:06:04-04:00,Case1,0_BL,1_SC,1,13,6.5,0,0,0,0,0,0,0,0
189,2024-08-12T09:06:50-04:00,Case1,0_BL,1_SC,1,14,7,0,0,0,0,0,0,0,0
190,2024-08-12T09:07:55-04:00,Case1,0_BL,1_SC,1,15,7.5,0,0,0,0,0,0,0,0
191,2024-08-12T09:08:44-04:00,Case1,0_BL,1_SC,1,16,8,0,0,0,0,0,0,0,0
192,2024-08-13T08:35:16-04:00,Case1,1_T1,0_AC,3,1,0.5,0,0,0,0,0,0,0,0
193,2024-08-13T08:36:08-04:00,Case1,1_T1,0_AC,3,2,1,0,0,0,0,0,0,0,0
194,2024-08-13T08:37:46-04:00,Case1,1_T1,0_AC,3,3,1.5,0,0,0,0,0,0,0,0
195,2024-08-13T08:59:41-04:00,Case1,2_T2,1_SC,3,1,0.5,0,0,0,0,0,0,0,0
196,2024-08-13T09:00:39-04:00,Case1,2_T2,1_SC,3,2,1,0,0,0,0,0,0,0,0
197,2024-08-13T09:01:32-04:00,Case1,2_T2,1_SC,3,3,1.5,0,0,0,0,0,0,0,0
198,2024-08-13T09:02:21-04:00,Case1,2_T2,1_SC,3,4,2,0,0,0,0,0,0,0,0
199,2024-08-13T09:03:05-04:00,Case1,2_T2,1_SC,3,5,2.5,0,0,0,0,0,0,0,0
200,2024-08-13T09:03:54-04:00,Case1,2_T2,1_SC,3,6,3,0,0,0,0,0,0,0,0
201,2024-08-13T09:11:38-04:00,Case1,2_T2,0_AC,3,1,0.5,0,0,0,0,0,0,0,0
202,2024-08-13T09:12:32-04:00,Case1,2_T2,0_AC,3,2,1,0,0,0,0,0,0,0,0
203,2024-08-13T09:13:44-04:00,Case1,2_T2,0_AC,3,3,1.5,0,0,0,0,0,0,0,0
204,2024-08-13T09:47:04-04:00,Case1,3_T3,1_SC,4,1,0.5,0,0,0,0,0,0,0,0
205,2024-08-13T09:48:55-04:00,Case1,3_T3,1_SC,4,2,1,0,0,0,0,0,0,0,0
206,2024-08-13T09:49:53-04:00,Case1,3_T3,1_SC,4,3,1.5,0,0,0,0,0,0,0,0
207,2024-08-13T09:50:43-04:00,Case1,3_T3,1_SC,4,4,2,0,0,0,0,0,0,0,0
208,2024-08-13T09:51:45-04:00,Case1,3_T3,1_SC,4,5,2.5,0,0,0,0,0,0,0,0
209,2024-08-13T09:52:51-04:00,Case1,3_T3,1_SC,4,6,3,0,0,0,0,0,0,0,0
210,2024-08-13T09:53:52-04:00,Case1,3_T3,1_SC,4,7,3.5,0,0,0,0,0,0,0,0
211,2024-08-13T09:54:51-04:00,Case1,3_T3,1_SC,4,8,4,0,0,0,0,0,0,0,0
212,2024-08-13T09:59:04-04:00,Case1,3_T3,0_AC,4,1,0.5,0,0,0,0,0,0,0,0
213,2024-08-13T10:00:18-04:00,Case1,3_T3,0_AC,4,2,1,0,0,0,0,0,0,0,0
214,2024-08-13T10:01:34-04:00,Case1,3_T3,0_AC,4,3,1.5,0,0,0,0,0,0,0,0
215,2024-08-14T09:00:53-04:00,Case1,3_T3,1_SC,4,1,0.5,0,0,0,0,0,0,0,0
216,2024-08-14T09:01:54-04:00,Case1,3_T3,1_SC,4,2,1,0,0,0,0,0,0,0,0
217,2024-08-14T09:02:59-04:00,Case1,3_T3,1_SC,4,3,1.5,0,0,0,0,0,0,0,0
218,2024-08-14T09:03:42-04:00,Case1,3_T3,1_SC,4,4,2,0,0,0,0,0,0,0,0
219,2024-08-14T09:04:59-04:00,Case1,3_T3,1_SC,4,5,2.5,0,0,0,0,0,0,0,0
220,2024-08-14T09:05:59-04:00,Case1,3_T3,1_SC,4,6,3,0,0,0,0,0,0,0,0
221,2024-08-14T09:06:54-04:00,Case1,3_T3,1_SC,4,7,3.5,0,0,0,0,0,0,0,0
222,2024-08-14T09:07:47-04:00,Case1,3_T3,1_SC,4,8,4,0,0,0,0,0,0,0,0
223,2024-08-14T09:08:28-04:00,Case1,3_T3,1_SC,4,9,4.5,0,0,0,0,0,0,0,0
224,2024-08-14T09:09:11-04:00,Case1,3_T3,1_SC,4,10,5,0,0,0,0,0,0,0,0
225,2024-08-14T09:10:03-04:00,Case1,3_T3,1_SC,4,11,5.5,0,0,0,0,0,0,0,0
226,2024-08-14T09:10:44-04:00,Case1,3_T3,1_SC,4,12,6,0,0,0,0,0,0,0,0
227,2024-08-14T09:15:50-04:00,Case1,3_T3,0_AC,4,1,0.5,0,0,0,0,0,0,0,0
228,2024-08-14T09:16:28-04:00,Case1,3_T3,0_AC,4,2,1,0,0,0,0,0,0,0,0
229,2024-08-14T09:17:05-04:00,Case1,3_T3,0_AC,4,3,1.5,0,0,0,0,0,0,0,0
230,2024-08-14T09:46:20-04:00,Case1,5_RTB,1_SC,5,1,0.5,0,0,0,0,0,0,0,0
231,2024-08-14T09:47:03-04:00,Case1,5_RTB,1_SC,5,2,1,0,0,0,0,0,0,0,0
232,2024-08-14T09:48:01-04:00,Case1,5_RTB,1_SC,5,3,1.5,0,0,0,0,0,0,0,0
233,2024-08-14T09:48:49-04:00,Case1,5_RTB,1_SC,5,4,2,0,0,0,0,0,0,0,0
234,2024-08-14T09:49:43-04:00,Case1,5_RTB,1_SC,5,5,2.5,0,0,0,0,0,0,0,0
235,2024-08-14T09:50:39-04:00,Case1,5_RTB,1_SC,5,6,3,0,0,0,0,0,0,0,0
236,2024-08-14T09:51:40-04:00,Case1,5_RTB,1_SC,5,7,3.5,0,0,0,0,0,0,0,0
237,2024-08-14T09:52:38-04:00,Case1,5_RTB,1_SC,5,8,4,0,0,0,0,0,0,0,0
238,2024-08-14T09:53:20-04:00,Case1,5_RTB,1_SC,5,9,4.5,0,0,0,0,0,0,0,0
239,2024-08-14T09:54:14-04:00,Case1,5_RTB,1_SC,5,10,5,0,0,0,0,0,0,0,0
240,2024-08-14T09:57:47-04:00,Case1,5_RTB,0_AC,5,1,0.5,0,0,0,0,0,0,0,0
241,2024-08-14T09:58:38-04:00,Case1,5_RTB,0_AC,5,2,1,0,0,0,0,0,0,0,0
242,2024-08-14T09:59:35-04:00,Case1,5_RTB,0_AC,5,3,1.5,0,0,0,0,0,0,0,0
243,2024-08-15T09:12:59-04:00,Case1,2_T2,0_AC,5,1,0.5,1,1,1,1,1,1,1,1
244,2024-08-15T09:13:47-04:00,Case1,2_T2,0_AC,5,2,1,1,1,1,1,1,1,1,1
245,2024-08-15T09:15:03-04:00,Case1,2_T2,0_AC,5,3,1.5,1,1,1,1,1,1,1,1
246,2024-08-15T09:18:44-04:00,Case1,3_T3,1_SC,5,1,0.5,1,1,1,1,1,1,1,1
247,2024-08-15T09:19:40-04:00,Case1,3_T3,1_SC,5,2,1,1,1,1,1,1,1,1,1
248,2024-08-15T09:20:36-04:00,Case1,3_T3,1_SC,5,3,1.5,1,1,1,1,1,1,1,1
249,2024-08-15T09:21:36-04:00,Case1,3_T3,1_SC,5,4,2,1,1,1,1,1,1,1,1
250,2024-08-15T09:22:25-04:00,Case1,3_T3,1_SC,5,5,2.5,1,1,1,1,1,1,1,1
251,2024-08-15T09:23:21-04:00,Case1,3_T3,1_SC,5,6,3,1,1,1,1,1,1,1,1
252,2024-08-15T09:28:05-04:00,Case1,3_T3,0_AC,5,1,0.5,1,1,1,1,1,1,1,1
253,2024-08-15T09:28:39-04:00,Case1,3_T3,0_AC,5,2,1,1,1,1,1,1,1,1,1
254,2024-08-15T09:29:50-04:00,Case1,3_T3,0_AC,5,3,1.5,1,1,1,1,1,1,1,1
255,2024-08-16T09:15:07-04:00,Case1,5_RTB,0_AC,2,1,0.5,0,0,0,0,0,0,0,0
256,2024-08-16T09:16:59-04:00,Case1,5_RTB,0_AC,2,2,1,0,0,0,0,0,0,0,0
257,2024-08-16T09:18:00-04:00,Case1,5_RTB,0_AC,2,3,1.5,0,0,0,0,0,0,0,0
258,2024-08-16T09:54:28-04:00,Case1,5_RTB,1_SC,6,1,0.5,1,1,1,1,1,1,1,1
259,2024-08-16T09:56:22-04:00,Case1,5_RTB,1_SC,6,2,1,1,1,1,1,1,1,1,1
260,2024-08-16T09:57:21-04:00,Case1,5_RTB,1_SC,6,3,1.5,1,1,1,1,1,1,1,1
261,2024-08-16T09:58:10-04:00,Case1,5_RTB,1_SC,6,4,2,1,1,1,1,1,1,1,1
262,2024-08-16T09:59:07-04:00,Case1,5_RTB,1_SC,6,5,2.5,1,1,1,1,1,1,1,1
263,2024-08-16T09:59:51-04:00,Case1,5_RTB,1_SC,6,6,3,1,1,1,1,1,1,1,1
264,2024-08-16T10:00:45-04:00,Case1,5_RTB,1_SC,6,7,3.5,1,1,1,1,1,1,1,1
265,2024-08-16T10:01:30-04:00,Case1,5_RTB,1_SC,6,8,4,1,1,1,1,1,1,1,1
266,2024-08-16T10:02:24-04:00,Case1,5_RTB,1_SC,6,9,4.5,1,1,1,1,1,1,1,1
267,2024-08-16T10:03:21-04:00,Case1,5_RTB,1_SC,6,10,5,1,1,1,1,1,1,1,1
268,2024-08-16T10:11:48-04:00,Case1,5_RTB,1_SC,5,1,0.5,0,0,0,0,0,0,0,0
269,2024-08-16T10:12:29-04:00,Case1,5_RTB,1_SC,5,2,1,0,0,0,0,0,0,0,0
270,2024-08-16T10:13:18-04:00,Case1,5_RTB,1_SC,5,3,1.5,0,0,0,0,0,0,0,0
271,2024-08-16T10:14:05-04:00,Case1,5_RTB,1_SC,5,4,2,0,0,0,0,0,0,0,0
272,2024-08-16T10:14:49-04:00,Case1,5_RTB,1_SC,5,5,2.5,0,0,0,0,0,0,0,0
273,2024-08-16T10:15:39-04:00,Case1,5_RTB,1_SC,5,6,3,0,0,0,0,0,0,0,0
274,2024-08-16T10:16:29-04:00,Case1,5_RTB,1_SC,5,7,3.5,0,0,0,0,0,0,0,0
275,2024-08-16T10:17:12-04:00,Case1,5_RTB,1_SC,5,8,4,0,0,0,0,0,0,0,0
276,2024-08-16T10:18:12-04:00,Case1,5_RTB,1_SC,5,9,4.5,0,0,0,0,0,0,0,0
277,2024-08-16T10:18:49-04:00,Case1,5_RTB,1_SC,5,10,5,0,0,0,0,0,0,0,0
278,2024-08-19T09:36:48-04:00,Case1,5_RTB,0_AC,6,1,0.5,0,0,0,0,0,0,0,0
279,2024-08-19T09:37:19-04:00,Case1,5_RTB,0_AC,6,2,1,0,0,0,0,0,0,0,0
280,2024-08-19T09:38:20-04:00,Case1,5_RTB,0_AC,6,3,1.5,0,0,0,0,0,0,0,0
281,2024-08-19T11:02:31-04:00,Case1,5_RTB,0_AC,7,1,0.5,1,1,1,1,1,1,1,1
282,2024-08-19T11:03:13-04:00,Case1,5_RTB,0_AC,7,2,1,1,1,1,1,1,1,1,1
283,2024-08-19T11:04:11-04:00,Case1,5_RTB,0_AC,7,3,1.5,1,1,1,1,1,1,1,1
